<?xml version="1.0" encoding="UTF-8"?>
<project-private xmlns="http://www.netbeans.org/ns/project-private/1">
    <editor-bookmarks xmlns="http://www.netbeans.org/ns/editor-bookmarks/2" lastBookmarkId="0"/>
    <open-files xmlns="http://www.netbeans.org/ns/projectui-open-files/2">
        <group>
            <file>file:/D:/FPT_UNIVERSITY/SEMESTER_4_FPT/PRJ311_Java_Web_Application/AdvanceFilter/src/java/dal/DBContext.java</file>
            <file>file:/D:/FPT_UNIVERSITY/SEMESTER_4_FPT/PRJ311_Java_Web_Application/AdvanceFilter/src/java/dal/EmployeeDAO.java</file>
            <file>file:/D:/FPT_UNIVERSITY/SEMESTER_4_FPT/PRJ311_Java_Web_Application/AdvanceFilter/src/java/controller/EmployeeSearchController.java</file>
        </group>
    </open-files>
</project-private>
