<?xml version="1.0" encoding="UTF-8"?>
<project-private xmlns="http://www.netbeans.org/ns/project-private/1">
    <editor-bookmarks xmlns="http://www.netbeans.org/ns/editor-bookmarks/2" lastBookmarkId="0"/>
    <open-files xmlns="http://www.netbeans.org/ns/projectui-open-files/2">
        <group>
            <file>file:/C:/Users/Le%20Hong%20Quan/Dropbox/PRJ301_JAVA_WEB_SPRING_2022/On_PE/8_FALL_2021/GivenProjects/Q3_HE130736/src/java/dao/StudentDAO.java</file>
            <file>file:/C:/Users/Le%20Hong%20Quan/Dropbox/PRJ301_JAVA_WEB_SPRING_2022/On_PE/8_FALL_2021/GivenProjects/Q3_HE130736/web/list.jsp</file>
            <file>file:/C:/Users/Le%20Hong%20Quan/Dropbox/PRJ301_JAVA_WEB_SPRING_2022/On_PE/8_FALL_2021/GivenProjects/Q3_HE130736/src/java/dao/SchoolYearDao.java</file>
            <file>file:/C:/Users/Le%20Hong%20Quan/Dropbox/PRJ301_JAVA_WEB_SPRING_2022/On_PE/8_FALL_2021/GivenProjects/Q3_HE130736/src/java/controller/ListController.java</file>
            <file>file:/C:/Users/Le%20Hong%20Quan/Dropbox/PRJ301_JAVA_WEB_SPRING_2022/On_PE/8_FALL_2021/GivenProjects/Q3_HE130736/src/java/model/Student.java</file>
            <file>file:/C:/Users/Le%20Hong%20Quan/Dropbox/PRJ301_JAVA_WEB_SPRING_2022/On_PE/8_FALL_2021/GivenProjects/Q3_HE130736/src/java/controller/DeleteController.java</file>
        </group>
    </open-files>
</project-private>
