<?xml version="1.0" encoding="UTF-8"?>
<project-private xmlns="http://www.netbeans.org/ns/project-private/1">
    <editor-bookmarks xmlns="http://www.netbeans.org/ns/editor-bookmarks/2" lastBookmarkId="0"/>
    <open-files xmlns="http://www.netbeans.org/ns/projectui-open-files/2">
        <group>
            <file>file:/C:/Users/Le%20Hong%20Quan/Dropbox/PRJ301_JAVA_WEB_SPRING_2022/On_PE/5_Q2_summer_2020_done/Q2/src/java/controller/SearchController.java</file>
            <file>file:/C:/Users/Le%20Hong%20Quan/Dropbox/PRJ301_JAVA_WEB_SPRING_2022/On_PE/5_Q2_summer_2020_done/Q2/src/java/model/Employee.java</file>
            <file>file:/C:/Users/Le%20Hong%20Quan/Dropbox/PRJ301_JAVA_WEB_SPRING_2022/On_PE/5_Q2_summer_2020_done/Q2/src/java/dao/EmployeeDAO.java</file>
            <file>file:/C:/Users/Le%20Hong%20Quan/Dropbox/PRJ301_JAVA_WEB_SPRING_2022/On_PE/5_Q2_summer_2020_done/Q2/web/search.jsp</file>
        </group>
    </open-files>
</project-private>
